title,price,Rating,website
Everyuth Golden Glow Peel-off Mask 100 g (Pack of 2),320,,https://dealsheaven.in/deal/everyuth-golden-glow-peel-off-mask-90-gm-pack-of-2
Amazon Brand - Solimo Mars 1 Seater Fabric Recliner (Grey),42000,,https://dealsheaven.in/deal/amazon-brand-solimo-mars-1-seater-fabric-recliner-grey
Park Avenue Beer shampoo for Shiny & Bouncy Hair (180ml) | P...,170,,https://dealsheaven.in/deal/park-avenue-shiny-and-bouncy-beer-shampoo-180ml
The Earth Store Swifther Handheld Coffee Frother for Lattes...,499,,https://dealsheaven.in/deal/the-earth-store-swifther-handheld-coffee-frother-for-lattes-shakes-mini-foamer-for-milk-cappuccino-frappe-matcha-egg-beater-hand-blender-coffee-blender-set-of-1
[Apply coupon] House Wrap 50 Meters Food Wrapping Paper - Pr...,560,,https://dealsheaven.in/deal/house-wrap-50-meters-food-wrapping-paper-premium-non-stick-food-wrap-chemical-freeoil-absorbent-non-stick-paper-bpa-free-no-ink-paper
"Amazon brand - Solimo No Sugar Muesli, 1kg",600,,https://dealsheaven.in/deal/amazon-brand-solimo-no-sugar-muesli-1kg
Faber 90 Cm 1200 MÂ³/Hr Auto-Clean Slant Chimney (HOOD MARTIn...,35990,,https://dealsheaven.in/deal/faber-90-cm-1200-m3hr-auto-clean-slant-chimney-hood-martinez-hc-tc-bk-90-filterless-technologytouch-control-black
Reebok Men's Evander Smoky Indigo-Vector Navy-Classic WHI Ru...,2999,,https://dealsheaven.in/deal/reebok-mens-evander-smoky-indigo-vector-navy-classic-whi-running-shoe-8-kids-uk-hmp04
"Bumtum Baby Diaper Pants, XL Size,162 Count, Double Layer Le...",3747,,https://dealsheaven.in/deal/bumtum-baby-diaper-pants-xl-size162-count-double-layer-leakage-protection-infused-with-aloe-vera-cottony-soft-high-absorb-technology-pack-of-3
Crocs Unisex Adult Navy Classic Casual Flip-Flop 207713-410-...,2495,,https://dealsheaven.in/deal/crocs-unisex-adult-navy-classic-casual-flip-flop-207713-410-m10w12
Foxsky 109 cm (43 inch) Frameless Series Full HD LED Smart T...,45499,,https://dealsheaven.in/deal/foxsky-109-cm-43-inch-frameless-series-full-hd-led-smart-tv-fs43gatv-black
"KAFF 70 cm 1000 m3/h Chimney (MARK MX 70, Grey)",15490,,https://dealsheaven.in/deal/kaff-70-cm-1000-m3h-chimney-mark-mx-70-grey
amazon basics Polyester Microfiber Quilt Cover Set with 2 Pi...,2800,,https://dealsheaven.in/deal/amazon-basics-polyester-microfiber-quilt-cover-set-with-2-pillow-covers-black-3-pieces-queen-size
Woodland Men's Khaki Leather Sneaker-10 UK (44 EU) (G 40777C...,3895,,https://dealsheaven.in/deal/woodland-mens-khaki-leather-sneaker-10-uk-44-eu-g-40777cma
"FOGG Realman Fresh Mood Deodorant, Strong Body Spray, Long L...",299,,https://dealsheaven.in/deal/realman-fresh-mood-200-ml
Happer Plastic Premium Multipurpose Wall Mounted Storage Cab...,2086,,https://dealsheaven.in/deal/happer-plastic-premium-multipurpose-wall-mounted-storage-cabinet-with-mirror-prime-look-black
"boAt BassHeads 900 Pro Wired Headphones with 40mm Drivers, L...",4990,,https://dealsheaven.in/deal/boat-bassheads-900-pro-wired-headphones-with-40mm-drivers-lightweight-foldable-design-remote-control-unidirectional-retractable-mic-adjustable-headband-usb-type-a-compatibilityblack
EAST COAST INVINCIBLE PRO 7 SPEED 26 T Mountain/Hardtail 26...,11999,,https://dealsheaven.in/deal/east-coast-invincible-pro-7-speed-26-t-mountainhardtail-26-t-mountain-cycle7-gear-blue-black-only-front-suspension
Status Contract Kitchen Mats for Floor | (30x50cm) Kitchen D...,1900,,https://dealsheaven.in/deal/status-contract-kitchen-mats-for-floor-30x50cm-kitchen-decor-anti-skid-rubber-kitchen-floor-mat-napa-skin-super-absorbent-non-slip-mat-floor-rug-waterproof-kitchen-mat
LONGWAY Kiger P2 1200 mm/48 inch Ultra High Speed 3 Blade An...,4962,,https://dealsheaven.in/deal/longway-kiger-1200mm48-inch-high-speed-anti-dust-ceiling-fan-smoked-brown-pack-of-2
Rupa Softline Women's Regular Leggings (Slc64Lt.Grass_Green_...,399,,https://dealsheaven.in/deal/rupa-softline-womens-regular-leggings-slc64ltgrass-green-fsfree-size
Campus Men's Callisto BLU/F.GRN Walking Shoes - 9UK/India 22...,2199,,https://dealsheaven.in/deal/campus-mens-callisto-blufgrn-walking-shoes-9ukindia-22g-149a
Bajaj Almond Drops Non Sticky Hair Oil With Almond and Argan...,359,,https://dealsheaven.in/deal/apply-coupon-bajaj-almond-drops-almond-argan-hair-oil-200ml-provides-3-way-damage-protection-for-soft-and-shiny-hair-non-sticky-formula-with-almond-oil-argan-oil
"CELLBELL C190 Berlin Office Chair, High Back Mesh Ergonomic...",19999,,https://dealsheaven.in/deal/cellbell-c190-berlin-office-chair-high-back-mesh-ergonomic-home-office-desk-chair-black
Jbl Commercial Cslm20B Blue Edition Battery Powered Lavalier...,2599,,https://dealsheaven.in/deal/jbl-commercial-cslm20b-blue-edition-battery-powered-lavalier-microphone-for-content-creation-vlogging-voiceoverdubbing-recording-auxiliary
"Garnier Skin Naturals, Eye Mask, Hydrating & Revitalising, H...",99,,https://dealsheaven.in/deal/garnier-hydra-bomb-eye-serum-mask-orange-6-g
Park Avenue Pure Collection Trance Fragrance Body Spray for...,220,,https://dealsheaven.in/deal/park-avenue-pure-collection-trance-fragrance-body-spray-for-men-135ml
KamaSutra Park Avenue Men Voyage Obsession Eau De Citrus Sce...,399,,https://dealsheaven.in/deal/park-avenue-voyage-obsession-eau-de-liquid-parfum-for-men-50-ml
Dabur Vatika Ayurvedic Shampoo - 1L | Damage Therapy | With...,775,,https://dealsheaven.in/deal/dabur-vatika-ayurvedic-shampoo-for-hair-fall-control-and-damage-free-strong-and-shiny-hair-1l
GUESS Women's Gu3022 Matte Blue/Blue Oval Non-Polarized Sung...,10830,,https://dealsheaven.in/deal/guess-womens-gu3022-matte-blueblue-oval-non-polarized-sunglasses-one-size
Dabur Gulabari Premium Rose Water - 400ml (Pack of 3) | With...,405,,https://dealsheaven.in/deal/dabur-gulabari-premium-rose-water-with-no-paraben-for-cleansing-and-toning-400-ml-pack-of-3
"POND'S Bright Beauty SPF 15 PA ++ Day Cream 50 g, Non-Oily,...",299,,https://dealsheaven.in/deal/ponds-bright-beauty-spf-15-pa-fairness-cream-50-g
Clovia Women's Slim Yoga Pants (AB0042F19L_Multicolor,1199,,https://dealsheaven.in/deal/clovia-womens-slim-yoga-pants-ab0042f19l-multicolor
"Bajaj Brahmi Amla Ayurvedic Hair Oil, 400ml",200,,https://dealsheaven.in/deal/bajaj-brahmi-amla-ayurvedic-hair-oil-400ml
"Mother Dairy Gulabjamun, 1000 g",230,,https://dealsheaven.in/deal/mother-dairy-gulabjamun-1000-g
Dabur Vedic Tea - 250 Grams x Pack of 3 (Black Tea) | Handpi...,450,,https://dealsheaven.in/deal/dabur-vedic-tea-250g-x-pack-of-3-black-tea-handpicked-from-assam-nilgiri-darjeeling-soulful-aroma-rich-taste-premium-tea
Fair and Handsome Instant Radiance Face Wash | Pro-Peptide |...,349,,https://dealsheaven.in/deal/fair-and-handsome-instant-radiance-face-wash-pro-peptide-instant-radiance-washes-of-fine-pollutants-cooling-freshness-150g
LONGWAY Starlite-1 P2 1200 mm/48 inch Ultra High Speed 3 Bla...,5762,,https://dealsheaven.in/deal/longway-starlite-1-p2-1200-mm48-inch-ultra-high-speed-3-blade-anti-dust-decorative-star-rated-ceiling-fan-golden-beige-pack-of-2
Nivia Airstrike Football Stud with TPU Sole with Direct Inje...,999,,https://dealsheaven.in/deal/nivia-airstrike-football-stud-with-tpu-sole-with-direct-injection-molding-technology-a-moulded-removable-eva-sockliner-exists-as-an-extra-layer-of-plush-light-weight-insole-pre-molded-black-uk-6
Colgate Gentle Sensitive Care Ultra Soft Bristles Manual Too...,300,,https://dealsheaven.in/deal/colgate-gentle-sensitive-care-ultra-soft-bristles-toothbrush-5pcs
Wipro Garnet 10W LED Bulb for Home & Office |Cool Day White...,210,,https://dealsheaven.in/deal/wipro-garnet-10w-led-bulb-for-home-office-cool-day-white-6500k-b22-base220-degree-light-coverage-4kv-surge-protection-400v-high-voltage-protection-energy-efficient-pack-of-2
"Surf Excel Matic Top Load Liquid Detergent 3.2 L Refill, Des...",635,,https://dealsheaven.in/deal/surf-excel-matic-top-load-liquid-detergent-32-l-refill-designed-for-tough-stain-removal-on-laundry-in-washing-machines-mega-pack-package-may-differ
wipro Garnet 10W LED Bulb for Home & Office |Cool Day White...,33000,,https://dealsheaven.in/deal/wipro-garnet-10w-led-bulb-for-home-office-cool-day-white-6500k-b22-base220-degree-light-coverage-4kv-surge-protection-400v-high-voltage-protection-energy-efficient-pack-of-60
Olay Luminous Brightening Foaming Cleanser | Face Wash | Cle...,399,,https://dealsheaven.in/deal/olay-face-wash-luminous-brightening-foaming-cleanser-100-g
"Old Spice Nomad No Gas Deodorant Body Spray Perfume for Men,...",299,,https://dealsheaven.in/deal/old-spice-nomad-no-gas-deodorant-body-spray-perfume-for-men-140-ml
Acer 80 cm (32 inches) Advanced N Series HD Ready LED TV AR3...,14999,,https://dealsheaven.in/deal/acer-80-cm-32-inches-advanced-n-series-hd-ready-led-tv-ar32nsv53hdfl-black
"Haldirams Double Dhamaka 550 gm, (Contains Besan Burfi, Panj...",559,,https://dealsheaven.in/deal/haldirams-double-dhamaka-550-gm-contains-besan-burfi-panjeeri-ladoo-punjabi-mathi
ALISBA Women's Cotton Athletic Gym Running Sports Track Suit...,2999,,https://dealsheaven.in/deal/alisba-womens-cotton-athletic-gym-running-sports-track-suit-greenl
KENT Grand RO Water Purifier | 4 Years Free Service | RO + U...,19500,,https://dealsheaven.in/deal/kent-grand-11119-wall-mountable-ro-uf-tds-uv-in-tank-white-20-litrehr-water-purifier-storage-8-litres
"Coway Professional Air Purifier for Home, Longest Filter Lif...",34990,,https://dealsheaven.in/deal/coway-professional-air-purifier-for-home-special-anti-virus-green-hepa-filter-airmega-150-ap-1019c
FTX Men Round Neck Printed Multicolor Sports Vest (846_2-846...,969,,https://dealsheaven.in/deal/ftx-men-round-neck-printed-multicolor-sports-vest-846-2-846-7-846-10-l
RUPA Frontline Men's Pack of 3 Standard Solid (FL Vest WHT_W...,414,,https://dealsheaven.in/deal/rupa-frontline-mens-pack-of-3-standard-solid-fl-vest-wht-white-090
Levi's 011 Comfort Brief for Men with Contoured Double Pouch...,429,,https://dealsheaven.in/deal/levis-011-comfort-brief-for-men-with-contoured-double-pouch-tag-free-comfort-smartskin-technology-pack-of-2
Dabur Gulabari Pure Rose Soap 150g (Pack of 4) | Moisturizin...,265,,https://dealsheaven.in/deal/dabur-gulabari-pure-rose-soap-150g-pack-of-4-moisturizing-bathing-soap-for-radiant-rose-glowing-skin-body-pure-rose-extract-glycerine-niacinamide-long-lasting-fragrance-for-men-women
Park Avenue Men Original Collection | Liquid Deodorant | Fre...,225,,https://dealsheaven.in/deal/park-avenue-good-morning-perfume-intense-body-spray-150ml
"[Apply coupon] realme NARZO 70x 5G (Ice Blue, 6GB RAM,128GB...",17999,,https://dealsheaven.in/deal/realme-narzo-70x-5g-ice-blue-6gb-ram128gb-storage120hz-ultra-smooth-displaydimensity-6100-6nm-5g50mp-ai-camera45w-charger-in-the-box
"Parachute Advansed Deep Nourish Body Lotion for Women & Men,...",335,,https://dealsheaven.in/deal/parachute-advansed-body-lotion-deep-nourish-400-ml
Airwick Freshmatic Automatic Room Freshener Refill - 250ml &...,990,,https://dealsheaven.in/deal/airwick-freshmatic-automatic-room-freshener-refill-250ml-freshmatic-automatic-room-freshener-refill-250ml-rose-saffron-freshmatic-automatic-room-freshener-refill-250ml-red
"Black + Decker, 1.5 Cup Capacity With Improved Assembly & Li...",5999,,https://dealsheaven.in/deal/black-decker-15-cup-capacity-with-improved-assembly-lid-blackdecker-hc150b-one-touch-15-cup-capacity-electric-food-chopper-with-improved-assembly-lid-black
"T2F Boy's Joggers Track Pant (5-6 Years, Navy)",1499,,https://dealsheaven.in/deal/t2f-boys-joggers-track-pant-5-6-years-navy
"Havells Fab Water Purifier (White & Grey), RO+UV, Filter ale...",20418,,https://dealsheaven.in/deal/havells-fab-7-litre-absoulety-safe-ro-uv-water-purifer-with-7-stages-patented-cornerwall-mounting-grey-and-white
"Alu-Freshh Aluminium Foil for Food Packing, Aluminium Foil 9...",1099,,https://dealsheaven.in/deal/alu-freshh-aluminium-foil-for-food-packing-aluminium-foil-9-meter-width-30-cm11-microns-in-thickness-keeps-food-warm-fresh-hygienic-9m-pack-of-2
"Qubo Smart Air Purifier for Home Q200, From Hero Group, Remo...",12990,,https://dealsheaven.in/deal/qubo-smart-air-purifier-for-home-q200-from-hero-group-removes-9999-allergens-app-voice-control-filter-life-9000-hrs-true-hepa-h13-filter-energy-saving-hph01
